dm3;blue;ParadokS;ra-tunnel
dm3;mix;ParadokS;lifts
dm3;red;ParadokS;ra-tunnel
dm3;tot;ParadokS;sng-ra
dm3;MQGA;ParadokS;rl
dm3;mix;ParadokS;lifts
dm3;blue;ParadokS;sng-mega
dm3;blue;ParadokS;sng-ra
dm3;MQGA;ParadokS;sng-mega
dm3;MQGA;ParadokS;sng-ra
dm3;MQGA;ParadokS;sng-mega
dm3;MQGA;ParadokS;sng-mega
dm3;MQGA;ParadokS;ya
dm3;blue;ParadokS;ra-tunnel
dm3;MQGA;ParadokS;ya
dm3;MQGA;ParadokS;sng-mega
dm3;MQGA;ParadokS;ya
dm3;MQGA;ParadokS;ra-tunnel
dm3;MQGA;ParadokS;rl
dm3;MQGA;ParadokS;sng-mega
dm3;MQGA;ParadokS;rl
dm3;MQGA;ParadokS;rl
dm3;mix;ParadokS;sng-ra
dm3;]sr[;ParadokS;sng-ra
dm3;blue;ParadokS;lifts
dm3;]sr[;ParadokS;lifts
dm3;]sr[;ParadokS;ra-tunnel
dm3;mix;ParadokS;ra-tunnel
dm3;]sr[;ParadokS;lifts
dm3;red;ParadokS;ya
dm3;mix;ParadokS;sng-mega
dm3;]sr[;ParadokS;sng-mega
dm3;red;ParadokS;sng-mega
dm3;blue;ParadokS;sng-ra
dm3;blue;ParadokS;rl
dm3;red;ParadokS;ra-tunnel
dm3;blue;ParadokS;rl
dm3;red;ParadokS;ra-tunnel
dm3;]sr[;ParadokS;sng-mega
dm3;]sr[;ParadokS;lifts
dm3;]sr[;ParadokS;ra-tunnel
dm3;]sr[;ParadokS;rl
dm3;oeks;ParadokS;ra-tunnel
dm3;mix;ParadokS;sng-mega
dm3;mix;ParadokS;rl
dm3;red;ParadokS;rl
dm3;]sr[;ParadokS;rl
dm3;mix;ParadokS;sng-ra
dm3;]sr[;ParadokS;rl
dm3;red;ParadokS;ra-tunnel
dm3;polz;maCLer;ya
dm3;polz;maCLer;ra-tunnel
dm3;polz;maCLer;lifts
dm3;polz;maCLer;sng-mega
dm3;polz;maCLer;ra-tunnel
dm3;polz;maCLer;ya
dm3;polz;maCLer;rl
dm3;polz;maCLer;rl
dm3;polz;maCLer;rl
dm3;polz;maCLer;sng-mega
dm3;polz;maCLer;rl
dm3;pol;maCLer;lifts
dm3;pol;maCLer;ya
dm3;pol;maCLer;sng-ra
dm3;pol;maCLer;rl
dm3;pol;maCLer;ra-tunnel
dm3;pol;maCLer;ya
dm3;pol;maCLer;sng-mega
dm3;pol;maCLer;lifts
dm3;pol;maCLer;ya
dm3;pol;maCLer;rl
dm3;pol;maCLer;lifts
dm3;mix;maCLer;ya
dm3;mix;maCLer;sng-mega
dm3;pol;maCLer;ya
dm3;pol;maCLer;ya
dm3;pol;maCLer;lifts
dm3;MQGA;maCLer;sng-mega
dm3;pol;maCLer;sng-ra
dm3;pol;maCLer;ra-tunnel
dm3;pol;maCLer;sng-mega
dm3;pol;maCLer;rl
dm3;prdl;maCLer;rl
dm3;prdl;maCLer;rl
dm3;prdl;maCLer;lifts
dm3;prdl;maCLer;sng-mega
dm3;polz;maCLer;ra-tunnel
dm3;pol;maCLer;sng-ra
dm3;gf2;maCLer;ya
dm3;pol;maCLer;ra-tunnel
dm3;pol;maCLer;sng-mega
dm3;pol;maCLer;sng-ra
dm3;pol;maCLer;sng-mega
dm3;mix;maCLer;ra-tunnel
dm3;pol;maCLer;lifts
dm3;pol;maCLer;sng-mega
dm3;pol;maCLer;rl
dm3;pol;maCLer;sng-ra
dm3;pol;maCLer;ra-tunnel
dm3;pol;maCLer;ra-tunnel
dm3;tot;ToT_slime;rl
dm3;tot;ToT_slime;sng-mega
dm3;tot;ToT_slime;lifts
dm3;tot;ToT_slime;lifts
dm3;tot;ToT_slime;ra-tunnel
dm3;tot;ToT_slime;ya
dm3;tot;ToT_slime;ya
dm3;tot;ToT_slime;lifts
dm3;tot;ToT_slime;rl
dm3;tot;ToT_slime;rl
dm3;tot;ToT_slime;rl
dm3;tot;ToT_slime;rl
dm3;tot;ToT_slime;lifts
dm3;tot;ToT_slime;ya
dm3;tot;ToT_slime;sng-mega
dm3;tot;ToT_slime;sng-mega
dm3;tot;ToT_slime;sng-mega
dm3;tot;ToT_slime;lifts
dm3;sippan;ToT_slime;ya
dm3;tot;ToT_slime;ra-tunnel
dm3;tot;ToT_slime;ya
dm3;tot;ToT_slime;ra-tunnel
dm3;tot;ToT_slime;ra-tunnel
dm3;tot;ToT_slime;sng-ra
dm3;tot;ToT_slime;sng-mega
dm3;tot;ToT_slime;ya
dm3;tot;ToT_slime;sng-ra
dm3;tot;ToT_slime;sng-mega
dm3;tot;ToT_slime;sng-ra
dm3;tot;ToT_slime;ra-tunnel
dm3;tot;ToT_slime;rl
dm3;tot;ToT_slime;lifts
dm3;blue;ToT_slime;lifts
dm3;tot;ToT_slime;sng-mega
dm3;tot;ToT_slime;lifts
dm3;tot;ToT_slime;ya
dm3;tot;ToT_slime;lifts
dm3;tot;ToT_slime;ra-tunnel
dm3;tot;ToT_slime;ra-tunnel
dm3;tot;ToT_slime;lifts
dm3;tot;ToT_slime;sng-ra
dm3;a;ToT_slime;ra-tunnel
dm3;tot;ToT_slime;sng-mega
dm3;tot;ToT_slime;lifts
dm3;red;ToT_slime;sng-ra
dm3;tot;ToT_slime;ra-tunnel
dm3;tot;ToT_slime;sng-ra
dm3;tot;ToT_slime;sng-ra
dm3;tot;ToT_slime;sng-ra
dm3;tot;ToT_slime;sng-ra
dm3;-s-;bps;sng-ra
dm3;-s-;bps;sng-mega
dm3;-s-;bps;lifts
dm3;gula;bps;ra-tunnel
dm3;-s-;bps;ya
dm3;-s-;bps;ya
dm3;-s-;bps;lifts
dm3;-s-;bps;rl
dm3;-s-;bps;rl
dm3;-s-;bps;ya
dm3;-s-;bps;lifts
dm3;-s-;bps;rl
dm3;-s-;bps;sng-mega
dm3;-s-;bps;sng-ra
dm3;blue;bps;lifts
dm3;mix;bps;rl
dm3;blue;bps;sng-mega
dm3;blue;bps;ra-tunnel
dm3;mix;bps;ya
dm3;1337;bps;sng-mega
dm3;mix;bps;lifts
dm3;mix;bps;sng-mega
dm3;mol1;bps;sng-mega
dm3;para;bps;rl
dm3;blue;bps;sng-mega
dm3;red;bps;sng-ra
dm3;red;bps;sng-ra
dm3;red;bps;rl
dm3;no;bps;sng-ra
dm3;blue;bps;sng-mega
dm3;sCm;bps;rl
dm3;-s-;bps;sng-mega
dm3;-s-;bps;sng-ra
dm3;-s-;bps;sng-ra
dm3;-s-;bps;ya
dm3;m1x;bps;ra-tunnel
dm3;-s-;bps;rl
dm3;018;bps;sng-ra
dm3;-s-;bps;sng-mega
dm3;-s-;bps;ra-tunnel
dm3;seno;bps;sng-mega
dm3;-s-;bps;lifts
dm3;-s-;bps;lifts
dm3;-s-;bps;rl
dm3;-s-;bps;rl
dm3;-s-;bps;ya
dm3;-s-;bps;sng-ra
dm3;-s-;bps;ya
dm3;-s-;bps;rl
dm3;mix;bps;rl
dm3;tot;ToT_Oddjob;ya
dm3;tot;ToT_Oddjob;sng-ra
dm3;blue;ToT_Oddjob;sng-mega
dm3;blue;ToT_Oddjob;sng-ra
dm3;tot;ToT_Oddjob;sng-mega
dm3;tot;ToT_Oddjob;lifts
dm3;red;ToT_Oddjob;ya
dm3;tot;ToT_Oddjob;sng-ra
dm3;tro;ToT_Oddjob;ya
dm3;tot;ToT_Oddjob;sng-ra
dm3;red;ToT_Oddjob;ya
dm3;tot;ToT_Oddjob;ya
dm3;tot;ToT_Oddjob;rl
dm3;red;ToT_Oddjob;ya
dm3;-hx-;ToT_Oddjob;ya
dm3;tot;ToT_Oddjob;lifts
dm3;tot;ToT_Oddjob;ra-tunnel
dm3;tot;ToT_Oddjob;rl
dm3;tot;ToT_Oddjob;sng-mega
dm3;tot;ToT_Oddjob;lifts
dm3;red;ToT_Oddjob;sng-mega
dm3;tot;ToT_Oddjob;sng-mega
dm3;red;ToT_Oddjob;lifts
dm3;tot;ToT_Oddjob;rl
dm3;tot;ToT_Oddjob;rl
dm3;tot;ToT_Oddjob;ya
dm3;tot;ToT_Oddjob;lifts
dm3;tot;ToT_Oddjob;ra-tunnel
dm3;tot;ToT_Oddjob;lifts
dm3;tot;ToT_Oddjob;sng-ra
dm3;tot;ToT_Oddjob;rl
dm3;tot;ToT_Oddjob;sng-mega
dm3;tot;ToT_Oddjob;lifts
dm3;tot2;ToT_Oddjob;ya
dm3;tot;ToT_Oddjob;ya
dm3;a;ToT_Oddjob;lifts
dm3;tot;ToT_Oddjob;sng-ra
dm3;tot;ToT_Oddjob;ra-tunnel
dm3;blue;ToT_Oddjob;sng-mega
dm3;tot;ToT_Oddjob;ra-tunnel
dm3;blue;ToT_Oddjob;ya
dm3;tot;ToT_Oddjob;sng-ra
dm3;red;ToT_Oddjob;ra-tunnel
dm3;tot;ToT_Oddjob;ya
dm3;tot;ToT_Oddjob;sng-mega
dm3;tot;ToT_Oddjob;lifts
dm3;tot;ToT_Oddjob;sng-ra
dm3;mix;ToT_Oddjob;sng-mega
dm3;tot;ToT_Oddjob;ra-tunnel
dm3;mix;ToT_Oddjob;sng-ra
dm3;mltn;Milton;lifts
dm3;mltn;Milton;sng-mega
dm3;mltn;Milton;ra-tunnel
dm3;mltn;Milton;sng-ra
dm3;mltn;Milton;ya
dm3;red;Milton;rl
dm3;mltn;Milton;lifts
dm3;666;Milton;sng-ra
dm3;com;Milton;lifts
dm3;com;Milton;ya
dm3;com;Milton;ya
dm3;-fu-;Milton;lifts
dm3;com;Milton;lifts
dm3;com;Milton;ya
dm3;com;Milton;ra-tunnel
dm3;com;Milton;sng-mega
dm3;benn;Milton;sng-ra
dm3;com;Milton;ra-tunnel
dm3;benn;Milton;rl
dm3;benn;Milton;ya
dm3;blue;Milton;lifts
dm3;blue;Milton;ra-tunnel
dm3;Hell;Milton;ra-tunnel
dm3;red;Milton;rl
dm3;blue;Milton;ya
dm3;red;Milton;ra-tunnel
dm3;red;Milton;ra-tunnel
dm3;Hell;Milton;rl
dm3;bb;Milton;lifts
dm3;666;Milton;ra-tunnel
dm3;bb;Milton;lifts
dm3;666;Milton;sng-mega
dm3;bb;Milton;sng-ra
dm3;bb;Milton;sng-ra
dm3;blue;Milton;rl
dm3;bb;Milton;lifts
dm3;bb;Milton;sng-ra
dm3;blue;Milton;sng-mega
dm3;red;Milton;lifts
dm3;bb;Milton;sng-ra
dm3;666;Milton;lifts
dm3;666;Milton;ra-tunnel
dm3;666;Milton;ya
dm3;bb;Milton;sng-mega
dm3;red;Milton;ya
dm3;bb;Milton;ra-tunnel
dm3;bb;Milton;lifts
dm3;666;Milton;lifts
dm3;bb;Milton;lifts
dm3;bb;Milton;sng-ra
dm3;[qa];peppe;ya
dm3;[qa];peppe;lifts
dm3;[qa];peppe;sng-mega
dm3;[qa];peppe;ya
dm3;[qa];peppe;sng-mega
dm3;[qa];peppe;ya
dm3;[qa];peppe;lifts
dm3;[qa];peppe;rl
dm3;[qa];peppe;ya
dm3;[qa];peppe;rl
dm3;[qa];peppe;sng-mega
dm3;[qa];peppe;rl
dm3;m1x;peppe;ra-tunnel
dm3;[qa];peppe;ra-tunnel
dm3;[qa];peppe;ya
dm3;-s-;peppe;ya
dm3;[qa];peppe;ya
dm3;018;peppe;sng-ra
dm3;018;peppe;ra-tunnel
dm3;[qa];peppe;rl
dm3;[qa];peppe;lifts
dm3;[qa];peppe;sng-mega
dm3;[qa];peppe;lifts
dm3;[qa];peppe;ra-tunnel
dm3;[qa];peppe;rl
dm3;mix;peppe;sng-mega
dm3;[qa];peppe;sng-ra
dm3;[qa];peppe;sng-ra
dm3;[qa];peppe;ya
dm3;[qa];peppe;sng-ra
dm3;2;peppe;ra-tunnel
dm3;blue;peppe;rl
dm3;[qa];peppe;rl
dm3;[qa];peppe;rl
dm3;[qa];peppe;lifts
dm3;[qa];peppe;sng-mega
dm3;[qa];peppe;sng-ra
dm3;tot;peppe;lifts
dm3;tot;peppe;sng-ra
dm3;red;peppe;sng-mega
dm3;[qa];peppe;ya
dm3;[qa];peppe;rl
dm3;[qa];peppe;lifts
dm3;[qa];peppe;rl
dm3;[qa];peppe;ra-tunnel
dm3;mix;peppe;ya
dm3;mix;peppe;lifts
dm3;[qa];peppe;sng-mega
dm3;[qa];peppe;lifts
dm3;[qa];peppe;sng-ra
dm3;UNO;tco;lifts
dm3;UNO;tco;ya
dm3;UNO;tco;lifts
dm3;oeks;tco;lifts
dm3;oeks;tco;lifts
dm3;oeks;tco;ra-tunnel
dm3;oeks;tco;lifts
dm3;oeks;tco;sng-mega
dm3;oeks;tco;lifts
dm3;oeks;tco;ra-tunnel
dm3;oeks;tco;sng-ra
dm3;oeks;tco;rl
dm3;oeks;tco;lifts
dm3;oeks;tco;rl
dm3;oeks;tco;rl
dm3;oeks;tco;ya
dm3;oeks;tco;sng-mega
dm3;oeks;tco;rl
dm3;oeks;tco;sng-mega
dm3;oeks;tco;sng-ra
dm3;oeks;tco;lifts
dm3;oeks;tco;rl
dm3;oeks;tco;ra-tunnel
dm3;oeks;tco;sng-ra
dm3;oeks;tco;ya
dm3;oeks;tco;ra-tunnel
dm3;oeks;tco;ya
dm3;oeks;tco;ya
dm3;oeks;tco;sng-mega
dm3;oeks;tco;ra-tunnel
dm3;blub;tco;rl
dm3;blub;tco;sng-ra
dm3;blub;tco;sng-ra
dm3;oeks;tco;ya
dm3;oeks;tco;sng-ra
dm3;oeks;tco;sng-mega
dm3;oeks;tco;ya
dm3;oeks;tco;lifts
dm3;oeks;tco;lifts
dm3;oeks;tco;rl
dm3;oeks;tco;sng-mega
dm3;oeks;tco;ya
dm3;oeks;tco;ya
dm3;oeks;tco;sng-ra
dm3;oeks;tco;sng-mega
dm3;oeks;tco;ra-tunnel
dm3;oeks;tco;rl
dm3;oeks;tco;sng-ra
dm3;oeks;tco;lifts
dm3;oeks;tco;rl
dm3;-hx-;ok98;lifts
dm3;blue;ok98;sng-ra
dm3;-hx-;ok98;ya
dm3;blue;ok98;lifts
dm3;red;ok98;ra-tunnel
dm3;red;ok98;sng-ra
dm3;-hx-;ok98;ya
dm3;blue;ok98;rl
dm3;tot;ok98;rl
dm3;blue;ok98;ya
dm3;-hx-;ok98;rl
dm3;red;ok98;sng-ra
dm3;blue;ok98;sng-ra
dm3;mix;ok98;sng-ra
dm3;-hx-;ok98;sng-ra
dm3;-hx-;ok98;sng-mega
dm3;blue;ok98;sng-mega
dm3;blue;ok98;ya
dm3;mix;ok98;sng-ra
dm3;red;ok98;sng-mega
dm3;blue;ok98;ya
dm3;mix;ok98;rl
dm3;red;ok98;rl
dm3;blue;ok98;sng-ra
dm3;mix;ok98;ra-tunnel
dm3;mix;ok98;sng-ra
dm3;TT;ok98;rl
dm3;TT;ok98;sng-mega
dm3;red;ok98;sng-mega
dm3;red;ok98;rl
dm3;MQGA;ok98;lifts
dm3;csn;ok98;ra-tunnel
dm3;csn;ok98;rl
dm3;csn;ok98;rl
dm3;csn;ok98;sng-ra
dm3;csn;ok98;rl
dm3;MQGA;ok98;sng-ra
dm3;MQGA;ok98;sng-ra
dm3;MQGA;ok98;sng-mega
dm3;mix;ok98;ra-tunnel
dm3;blue;ok98;sng-ra
dm3;-hx-;ok98;ra-tunnel
dm3;mix;ok98;sng-ra
dm3;blue;ok98;ra-tunnel
dm3;red;ok98;ya
dm3;]sr[;ok98;ra-tunnel
dm3;-hx-;ok98;sng-mega
dm3;mix;ok98;ya
dm3;-hx-;ok98;sng-mega
dm3;mix;ok98;ra-tunnel
dm3;com;Diki;lifts
dm3;mix;Diki;lifts
dm3;com;Diki;ra-tunnel
dm3;com;Diki;ra-tunnel
dm3;com;Diki;lifts
dm3;mix;Diki;sng-ra
dm3;red;Diki;lifts
dm3;mltn;Diki;rl
dm3;mltn;Diki;sng-mega
dm3;mltn;Diki;sng-mega
dm3;mltn;Diki;ra-tunnel
dm3;mltn;Diki;ra-tunnel
dm3;mltn;Diki;sng-ra
dm3;mltn;Diki;rl
dm3;blue;Diki;sng-ra
dm3;com;Diki;sng-ra
dm3;com;Diki;lifts
dm3;com;Diki;sng-ra
dm3;com;Diki;ra-tunnel
dm3;com;Diki;sng-ra
dm3;com;Diki;rl
dm3;com;Diki;ya
dm3;benn;Diki;sng-mega
dm3;-fu-;Diki;sng-ra
dm3;benn;Diki;ra-tunnel
dm3;benn;Diki;ra-tunnel
dm3;-fu-;Diki;ya
dm3;red;Diki;ra-tunnel
dm3;-fu-;Diki;sng-mega
dm3;-fu-;Diki;lifts
dm3;blue;Diki;sng-mega
dm3;red;Diki;sng-mega
dm3;-fu-;Diki;sng-ra
dm3;blue;Diki;ra-tunnel
dm3;bb;Diki;sng-ra
dm3;-fu-;Diki;sng-ra
dm3;bb;Diki;sng-mega
dm3;bb;Diki;lifts
dm3;-fu-;Diki;ya
dm3;-fu-;Diki;sng-ra
dm3;bb;Diki;lifts
dm3;bb;Diki;ra-tunnel
dm3;bb;Diki;sng-ra
dm3;bb;Diki;lifts
dm3;bb;Diki;ra-tunnel
dm3;bb;Diki;sng-ra
dm3;bb;Diki;sng-mega
dm3;pol;Diki;ra-tunnel
dm3;-fu-;Diki;ra-tunnel
dm3;-fu-;Diki;ra-tunnel
